{"cameraMode":{"drawMode":0,"name":"Shaded","section":"Shading Mode"},"sceneLighting":false,"audioPlay":false,"sceneViewState":{"showFog":true,"showMaterialUpdate":false,"showSkybox":true,"showFlares":true,"showImageEffects":true,"showParticleSystems":true},"in2DMode":false,"pivot":{"x":0.08300000429153443,"y":1.5679999589920045,"z":-4.736999988555908},"rotation":{"x":-0.1401282250881195,"y":0.8175721764564514,"z":-0.22390608489513398,"w":-0.5116696953773499},"size":1.543257236480713,"orthographic":false}