{"cameraMode":{"drawMode":0,"name":"Shaded","section":"Shading Mode"},"sceneLighting":false,"audioPlay":false,"sceneViewState":{"showFog":true,"showMaterialUpdate":false,"showSkybox":true,"showFlares":true,"showImageEffects":true,"showParticleSystems":true},"in2DMode":false,"pivot":{"x":-6.427622318267822,"y":-10.162424087524414,"z":15.557607650756836},"rotation":{"x":0.2075670063495636,"y":0.19224578142166139,"z":-0.04164288565516472,"w":0.958239734172821},"size":9.495736122131348,"orthographic":false}