{"cameraMode":{"drawMode":0,"name":"Shaded","section":"Shading Mode"},"sceneLighting":true,"audioPlay":false,"sceneViewState":{"showFog":true,"showMaterialUpdate":false,"showSkybox":true,"showFlares":true,"showImageEffects":true,"showParticleSystems":true},"in2DMode":false,"pivot":{"x":-41.51835632324219,"y":0.3433496952056885,"z":18.802440643310548},"rotation":{"x":0.1332559734582901,"y":0.5974155068397522,"z":-0.1015111654996872,"w":0.7842404842376709},"size":9.495737075805664,"orthographic":false}